<Collision>  
  <!-- can have a comma seperated list of commands-->
	<!--Mario vs KillBox-->
	<collisionInstance>
		<obj1>Sprint0.Mario</obj1>
		<obj2>Sprint0.Blocks.KillBox</obj2>
		<direction>Top</direction>
		<obj1Command>Sprint0.Commands.CNothing</obj1Command>
		<obj2Command>Sprint0.Commands.CKillPlayer</obj2Command>
	</collisionInstance>
	<collisionInstance>
		<obj1>Sprint0.Mario</obj1>
		<obj2>Sprint0.Blocks.KillBox</obj2>
		<direction>Bottom</direction>
		<obj1Command>Sprint0.Commands.CNothing</obj1Command>
		<obj2Command>Sprint0.Commands.CKillPlayer</obj2Command>
	</collisionInstance>
	<collisionInstance>
		<obj1>Sprint0.Mario</obj1>
		<obj2>Sprint0.Blocks.KillBox</obj2>
		<direction>Left</direction>
		<obj1Command>Sprint0.Commands.CNothing</obj1Command>
		<obj2Command>Sprint0.Commands.CKillPlayer</obj2Command>
	</collisionInstance>
	<collisionInstance>
		<obj1>Sprint0.Mario</obj1>
		<obj2>Sprint0.Blocks.KillBox</obj2>
		<direction>Right</direction>
		<obj1Command>Sprint0.Commands.CNothing</obj1Command>
		<obj2Command>Sprint0.Commands.CKillPlayer</obj2Command>
	</collisionInstance>
	
	<!--Mario vs ThemeBox-->
	<collisionInstance>
		<obj1>Sprint0.Mario</obj1>
		<obj2>Sprint0.Blocks.ThemeBox</obj2>
		<direction>Top</direction>
		<obj1Command>Sprint0.Commands.CNothing</obj1Command>
		<obj2Command>Sprint0.Commands.CPlayTheme</obj2Command>
	</collisionInstance>
	<collisionInstance>
		<obj1>Sprint0.Mario</obj1>
		<obj2>Sprint0.Blocks.ThemeBox</obj2>
		<direction>Bottom</direction>
		<obj1Command>Sprint0.Commands.CNothing</obj1Command>
		<obj2Command>Sprint0.Commands.CPlayTheme</obj2Command>
	</collisionInstance>
	<collisionInstance>
		<obj1>Sprint0.Mario</obj1>
		<obj2>Sprint0.Blocks.ThemeBox</obj2>
		<direction>Left</direction>
		<obj1Command>Sprint0.Commands.CNothing</obj1Command>
		<obj2Command>Sprint0.Commands.CPlayTheme</obj2Command>
	</collisionInstance>
	<collisionInstance>
		<obj1>Sprint0.Mario</obj1>
		<obj2>Sprint0.Blocks.ThemeBox</obj2>
		<direction>Right</direction>
		<obj1Command>Sprint0.Commands.CNothing</obj1Command>
		<obj2Command>Sprint0.Commands.CPlayTheme</obj2Command>
	</collisionInstance>
	
  
  <!--Mario vs Projectile-->
  <collisionInstance>
    <obj1>Sprint0.Mario</obj1>
    <obj2>Sprint0.Projectile</obj2>
    <direction>Top</direction>
    <obj1Command>Sprint0.Commands.CDamagePlayer</obj1Command>
    <obj2Command>Sprint0.Commands.CNothing</obj2Command>
  </collisionInstance>
  <collisionInstance>
    <obj1>Sprint0.Mario</obj1>
    <obj2>Sprint0.Projectile</obj2>
    <direction>Bottom</direction>
    <obj1Command>Sprint0.Commands.CDamagePlayer</obj1Command>
    <obj2Command>Sprint0.Commands.CNothing</obj2Command>
  </collisionInstance>
  <collisionInstance>
    <obj1>Sprint0.Mario</obj1>
    <obj2>Sprint0.Projectile</obj2>
    <direction>Left</direction>
    <obj1Command>Sprint0.Commands.CDamagePlayer</obj1Command>
    <obj2Command>Sprint0.Commands.CNothing</obj2Command>
  </collisionInstance>
  <collisionInstance>
    <obj1>Sprint0.Mario</obj1>
    <obj2>Sprint0.Projectile</obj2>
    <direction>Right</direction>
    <obj1Command>Sprint0.Commands.CDamagePlayer</obj1Command>
    <obj2Command>Sprint0.Commands.CNothing</obj2Command>
  </collisionInstance>
  
   <!--Enemy vs Projectile-->
  <collisionInstance>
    <obj1>Sprint0.Enemies.Enemy</obj1>
    <obj2>Sprint0.Projectile</obj2>
    <direction>Top</direction>
    <obj1Command>Sprint0.Commands.CDamageEnemy</obj1Command>
    <obj2Command>Sprint0.Commands.CNothing</obj2Command>
  </collisionInstance>
  <collisionInstance>
    <obj1>Sprint0.Enemies.Enemy</obj1>
    <obj2>Sprint0.Projectile</obj2>
    <direction>Bottom</direction>
    <obj1Command>Sprint0.Commands.CDamageEnemy</obj1Command>
    <obj2Command>Sprint0.Commands.CNothing</obj2Command>
  </collisionInstance>
  <collisionInstance>
    <obj1>Sprint0.Enemies.Enemy</obj1>
    <obj2>Sprint0.Projectile</obj2>
    <direction>Left</direction>
    <obj1Command>Sprint0.Commands.CDamageEnemy</obj1Command>
    <obj2Command>Sprint0.Commands.CNothing</obj2Command>
  </collisionInstance>
  <collisionInstance>
    <obj1>Sprint0.Enemies.Enemy</obj1>
    <obj2>Sprint0.Projectile</obj2>
    <direction>Right</direction>
    <obj1Command>Sprint0.Commands.CDamageEnemy</obj1Command>
    <obj2Command>Sprint0.Commands.CNothing</obj2Command>
  </collisionInstance>
  
	<!--Enemy vs KillBox-->
	<collisionInstance>
		<obj1>Sprint0.Enemies.Enemy</obj1>
		<obj2>Sprint0.Blocks.KillBox</obj2>
		<direction>Top</direction>
		<obj1Command>Sprint0.Commands.CNothing</obj1Command>
		<obj2Command>Sprint0.Commands.CKillEnemy</obj2Command>
	</collisionInstance>
	<collisionInstance>
		<obj1>Sprint0.Enemies.Enemy</obj1>
		<obj2>Sprint0.Blocks.KillBox</obj2>
		<direction>Bottom</direction>
		<obj1Command>Sprint0.Commands.CNothing</obj1Command>
		<obj2Command>Sprint0.Commands.CKillEnemy</obj2Command>
	</collisionInstance>
	<collisionInstance>
		<obj1>Sprint0.Enemies.Enemy</obj1>
		<obj2>Sprint0.Blocks.KillBox</obj2>
		<direction>Left</direction>
		<obj1Command>Sprint0.Commands.CNothing</obj1Command>
		<obj2Command>Sprint0.Commands.CKillEnemy</obj2Command>
	</collisionInstance>
	<collisionInstance>
		<obj1>Sprint0.Enemies.Enemy</obj1>
		<obj2>Sprint0.Blocks.KillBox</obj2>
		<direction>Right</direction>
		<obj1Command>Sprint0.Commands.CNothing</obj1Command>
		<obj2Command>Sprint0.Commands.CKillEnemy</obj2Command>
	</collisionInstance>
	
	<!--Mario vs Flag-->
	<collisionInstance>
		<obj1>Sprint0.Mario</obj1>
		<obj2>Sprint0.Blocks.Flag</obj2>
		<direction>Top</direction>
		<obj1Command>Sprint0.Commands.CNothing</obj1Command>
		<obj2Command>Sprint0.Commands.CTriggerFlag</obj2Command>
	</collisionInstance>

	<collisionInstance>
		<obj1>Sprint0.Mario</obj1>
		<obj2>Sprint0.Blocks.Flag</obj2>
		<direction>Bottom</direction>
		<obj1Command>Sprint0.Commands.CNothing</obj1Command>
		<obj2Command>Sprint0.Commands.CTriggerFlag</obj2Command>
	</collisionInstance>

	<collisionInstance>
		<obj1>Sprint0.Mario</obj1>
		<obj2>Sprint0.Blocks.Flag</obj2>
		<direction>Left</direction>
		<obj1Command>Sprint0.Commands.CNothing</obj1Command>
		<obj2Command>Sprint0.Commands.CTriggerFlag</obj2Command>
	</collisionInstance>

	<collisionInstance>
		<obj1>Sprint0.Mario</obj1>
		<obj2>Sprint0.Blocks.Flag</obj2>
		<direction>Right</direction>
		<obj1Command>Sprint0.Commands.CNothing</obj1Command>
		<obj2Command>Sprint0.Commands.CTriggerFlag</obj2Command>
	</collisionInstance>
  
  <!--Mario vs block-->
  <collisionInstance>
    <obj1>Sprint0.Mario</obj1>
    <obj2>Sprint0.Blocks.Block,Sprint0.Blocks.Pipe</obj2>
    <direction>Top</direction>
    <obj1Command>Sprint0.Commands.CUpBounce</obj1Command>
    <obj2Command>Sprint0.Commands.CNothing</obj2Command>
  </collisionInstance>
    
  <collisionInstance>
    <obj1>Sprint0.Mario</obj1>
    <obj2>Sprint0.Blocks.Block,Sprint0.Blocks.Pipe</obj2>
    <direction>Bottom</direction>
    <obj1Command>Sprint0.Commands.CDownBounce</obj1Command>
    <obj2Command>Sprint0.Commands.CNothing</obj2Command>
  </collisionInstance>
  
  <collisionInstance>
    <obj1>Sprint0.Mario</obj1>
    <obj2>Sprint0.Blocks.Block,Sprint0.Blocks.Pipe</obj2>
    <direction>Left</direction>
    <obj1Command>Sprint0.Commands.CLeftBounce</obj1Command>
    <obj2Command>Sprint0.Commands.CNothing</obj2Command>
  </collisionInstance>
  
  <collisionInstance>
    <obj1>Sprint0.Mario</obj1>
    <obj2>Sprint0.Blocks.Block,Sprint0.Blocks.Pipe</obj2>
    <direction>Right</direction>
    <obj1Command>Sprint0.Commands.CRightBounce</obj1Command>
    <obj2Command>Sprint0.Commands.CNothing</obj2Command>
  </collisionInstance>
  
  <!-- mario vs enemy -->
  <collisionInstance>
    <obj1>Sprint0.Mario</obj1>
    <obj2>Sprint0.Enemies.Enemy</obj2>
    <direction>Top</direction>
    <obj1Command>Sprint0.Commands.CMarioBounce</obj1Command>
    <obj2Command>Sprint0.Commands.CDamageEnemy</obj2Command>
  </collisionInstance>
  
  <collisionInstance>
    <obj1>Sprint0.Mario</obj1>
    <obj2>Sprint0.Enemies.Enemy</obj2>
    <direction>Bottom</direction>
    <obj1Command>Sprint0.Commands.CDamagePlayer</obj1Command>
    <obj2Command>Sprint0.Commands.CGetKicked</obj2Command>
  </collisionInstance>
  
    <collisionInstance>
    <obj1>Sprint0.Mario</obj1>
    <obj2>Sprint0.Enemies.Enemy</obj2>
    <direction>Left</direction>
    <obj1Command>Sprint0.Commands.CDamagePlayer</obj1Command>
    <obj2Command>Sprint0.Commands.CGetKicked</obj2Command>
  </collisionInstance>
  
    <collisionInstance>
    <obj1>Sprint0.Mario</obj1>
    <obj2>Sprint0.Enemies.Enemy</obj2>
    <direction>Right</direction>
    <obj1Command>Sprint0.Commands.CDamagePlayer</obj1Command>
    <obj2Command>Sprint0.Commands.CGetKicked</obj2Command>
  </collisionInstance>

  <!-- enemy vs enemy -->
  <collisionInstance>
    <obj1>Sprint0.Enemies.Enemy</obj1>
    <obj2>Sprint0.Enemies.Enemy</obj2>
    <direction>Top</direction>
    <obj1Command>Sprint0.Commands.CDamageEnemy</obj1Command>
    <obj2Command>Sprint0.Commands.CDamageEnemy</obj2Command>
  </collisionInstance>

  <collisionInstance>
    <obj1>Sprint0.Enemies.Enemy</obj1>
    <obj2>Sprint0.Enemies.Enemy</obj2>
    <direction>Bottom</direction>
    <obj1Command>Sprint0.Commands.CDamageEnemy</obj1Command>
    <obj2Command>Sprint0.Commands.CDamageEnemy</obj2Command>
  </collisionInstance>

  <collisionInstance>
    <obj1>Sprint0.Enemies.Enemy</obj1>
    <obj2>Sprint0.Enemies.Enemy</obj2>
    <direction>Left</direction>
    <obj1Command>Sprint0.Commands.CDamageEnemy</obj1Command>
    <obj2Command>Sprint0.Commands.CDamageEnemy</obj2Command>
  </collisionInstance>

  <collisionInstance>
    <obj1>Sprint0.Enemies.Enemy</obj1>
    <obj2>Sprint0.Enemies.Enemy</obj2>
    <direction>Right</direction>
    <obj1Command>Sprint0.Commands.CDamageEnemy</obj1Command>
    <obj2Command>Sprint0.Commands.CDamageEnemy</obj2Command>
  </collisionInstance>
  
  <!-- enemy vs block-->
  <collisionInstance>
    <obj1>Sprint0.Enemies.Enemy</obj1>
    <obj2>Sprint0.Blocks.Block,Sprint0.Blocks.Pipe</obj2>
    <direction>Top</direction>
    <obj1Command>Sprint0.Commands.CUpBounce</obj1Command>
    <obj2Command>Sprint0.Commands.CNothing</obj2Command>
  </collisionInstance>
  
  <collisionInstance>
    <obj1>Sprint0.Enemies.Enemy</obj1>
    <obj2>Sprint0.Blocks.Block,Sprint0.Blocks.Pipe</obj2>
    <direction>Bottom</direction>
    <obj1Command>Sprint0.Commands.CDownBounce</obj1Command>
    <obj2Command>Sprint0.Commands.CNothing</obj2Command>
  </collisionInstance>
  
  <collisionInstance>
    <obj1>Sprint0.Enemies.Enemy</obj1>
    <obj2>Sprint0.Blocks.Block,Sprint0.Blocks.Pipe</obj2>
    <direction>Left</direction>
    <obj1Command>Sprint0.Commands.CLeftBounce</obj1Command>
    <obj2Command>Sprint0.Commands.CNothing</obj2Command>
  </collisionInstance>
  
  <collisionInstance>
    <obj1>Sprint0.Enemies.Enemy</obj1>
    <obj2>Sprint0.Blocks.Block,Sprint0.Blocks.Pipe</obj2>
    <direction>Right</direction>
    <obj1Command>Sprint0.Commands.CRightBounce</obj1Command>
    <obj2Command>Sprint0.Commands.CNothing</obj2Command>
  </collisionInstance>

  
  <!-- mario vs dynamic blocks-->
  <collisionInstance>
    <obj1>Sprint0.Mario</obj1>
    <obj2>Sprint0.Blocks.MushroomBlock,Sprint0.Blocks.BrickBlock,Sprint0.Blocks.OneCoinBlock,Sprint0.Blocks.StarBlock</obj2>
    <direction>Bottom</direction>
    <obj1Command>Sprint0.Commands.CDownBounce</obj1Command>
    <obj2Command>Sprint0.Commands.CBreakBlock</obj2Command>
  </collisionInstance>
  
  <collisionInstance>
    <obj1>Sprint0.Mario</obj1>
    <obj2>Sprint0.Blocks.MushroomBlock,Sprint0.Blocks.BrickBlock,Sprint0.Blocks.OneCoinBlock,Sprint0.Blocks.StarBlock</obj2>
    <direction>Top</direction>
    <obj1Command>Sprint0.Commands.CUpBounce</obj1Command>
    <obj2Command>Sprint0.Commands.CNothing</obj2Command>
  </collisionInstance>
  
  <collisionInstance>
    <obj1>Sprint0.Mario</obj1>
    <obj2>Sprint0.Blocks.MushroomBlock,Sprint0.Blocks.BrickBlock,Sprint0.Blocks.OneCoinBlock,Sprint0.Blocks.StarBlock</obj2>
    <direction>Left</direction>
    <obj1Command>Sprint0.Commands.CLeftBounce</obj1Command>
    <obj2Command>Sprint0.Commands.CNothing</obj2Command>
  </collisionInstance>

  <collisionInstance>
    <obj1>Sprint0.Mario</obj1>
    <obj2>Sprint0.Blocks.MushroomBlock,Sprint0.Blocks.BrickBlock,Sprint0.Blocks.OneCoinBlock,Sprint0.Blocks.StarBlock</obj2>
    <direction>Right</direction>
    <obj1Command>Sprint0.Commands.CRightBounce</obj1Command>
    <obj2Command>Sprint0.Commands.CNothing</obj2Command>
  </collisionInstance>
  <!-- Mario vs CaveInBlock ground -->
	<!-- mario vs dynamic blocks-->
	<collisionInstance>
		<obj1>Sprint0.Mario</obj1>
		<obj2>Sprint0.Blocks.CaveInBlock</obj2>
		<direction>Bottom</direction>
		<obj1Command>Sprint0.Commands.CNothing</obj1Command>
		<obj2Command>Sprint0.Commands.CBreakBlock</obj2Command>
	</collisionInstance>

	<collisionInstance>
		<obj1>Sprint0.Mario</obj1>
		<obj2>Sprint0.Blocks.CaveInBlock</obj2>
		<direction>Top</direction>
		<obj1Command>Sprint0.Commands.CNothing</obj1Command>
		<obj2Command>Sprint0.Commands.CBreakBlock</obj2Command>
	</collisionInstance>

	<collisionInstance>
		<obj1>Sprint0.Mario</obj1>
		<obj2>Sprint0.Blocks.CaveInBlock</obj2>
		<direction>Left</direction>
		<obj1Command>Sprint0.Commands.CNothing</obj1Command>
		<obj2Command>Sprint0.Commands.CBreakBlock</obj2Command>
	</collisionInstance>

	<collisionInstance>
		<obj1>Sprint0.Mario</obj1>
		<obj2>Sprint0.Blocks.CaveInBlock</obj2>
		<direction>Right</direction>
		<obj1Command>Sprint0.Commands.CNothing</obj1Command>
		<obj2Command>Sprint0.Commands.CBreakBlock</obj2Command>
	</collisionInstance>
  <!-- enemy vs dynamic block-->
  <!--
  <collisionInstance>
    <obj1>Sprint0.Enemies.Enemy</obj1>
    <obj2>Sprint0.Blocks.DynamicBlock</obj2>
    <direction>Top</direction>
    <obj1Command>Sprint0.Commands.CUpBounce</obj1Command>
    <obj2Command>Sprint0.Commands.CNothing</obj2Command>
  </collisionInstance>

  <collisionInstance>
    <obj1>Sprint0.Enemies.Enemy</obj1>
    <obj2>Sprint0.Blocks.DynamicBlock</obj2>
    <direction>Bottom</direction>
    <obj1Command>Sprint0.Commands.CDownBounce</obj1Command>
    <obj2Command>Sprint0.Commands.CNothing</obj2Command>
  </collisionInstance>

  <collisionInstance>
    <obj1>Sprint0.Enemies.Enemy</obj1>
    <obj2>Sprint0.Blocks.DynamicBlock</obj2>
    <direction>Left</direction>
    <obj1Command>Sprint0.Commands.CLeftBounce</obj1Command>
    <obj2Command>Sprint0.Commands.CNothing</obj2Command>
  </collisionInstance>

  <collisionInstance>
    <obj1>Sprint0.Enemies.Enemy</obj1>
    <obj2>Sprint0.Blocks.DynamicBlock</obj2>
    <direction>Right</direction>
    <obj1Command>Sprint0.Commands.CRightBounce</obj1Command>
    <obj2Command>Sprint0.Commands.CNothing</obj2Command>
  </collisionInstance>
  -->
  
  <!-- mario vs items-->
  
  <collisionInstance>
    <obj1>Sprint0.Mario</obj1>
    <obj2>Sprint0.Items.Item</obj2>
    <direction></direction>
    <obj1Command>Sprint0.Commands.CNothing</obj1Command>
    <obj2Command>Sprint0.Commands.CItemCollision</obj2Command>
  </collisionInstance>
  
  <!-- projectile vs blocks-->
  
  <collisionInstance>
    <obj1>Sprint0.Projectile</obj1>
    <obj2>Sprint0.Blocks.Block,Sprint0.Blocks.BrickBlock</obj2>
    <direction>Top</direction>
    <obj1Command>Sprint0.Commands.CUpBounce</obj1Command>
    <obj2Command>Sprint0.Commands.CNothing</obj2Command>
  </collisionInstance>
  
  <collisionInstance>
    <obj1>Sprint0.Projectile</obj1>
    <obj2>Sprint0.Blocks.Block,Sprint0.Blocks.BrickBlock</obj2>
    <direction>Bottom</direction>
    <obj1Command>Sprint0.Commands.CDownBounce</obj1Command>
    <obj2Command>Sprint0.Commands.CNothing</obj2Command>
  </collisionInstance>
  
  <collisionInstance>
    <obj1>Sprint0.Projectile</obj1>
    <obj2>Sprint0.Blocks.Block,Sprint0.Blocks.BrickBlock</obj2>
    <direction>Left</direction>
    <obj1Command>Sprint0.Commands.CLeftBounce</obj1Command>
    <obj2Command>Sprint0.Commands.CNothing</obj2Command>
  </collisionInstance>
  
  <collisionInstance>
    <obj1>Sprint0.Projectile</obj1>
    <obj2>Sprint0.Blocks.Block,Sprint0.Blocks.BrickBlock</obj2>
    <direction>Right</direction>
    <obj1Command>Sprint0.Commands.CRightBounce</obj1Command>
    <obj2Command>Sprint0.Commands.CNothing</obj2Command>
  </collisionInstance>
</Collision>
