﻿<?xml version="1.0" encoding="utf-8" ?>
<keyboards>
  <PlayerKeyboard0>
    
    <key>M,Sprint0.Commands.CPauseBackgroundMusic,pressable</key>
    <key>Q,Sprint0.Commands.Quit,pressable</key>
    <key>R,Sprint0.Commands.CReset,pressable</key>
    <key>P,Sprint0.Commands.CTogglePauseGame,pressable</key>

    <key>A,Sprint0.Commands.CMovePlayerLeft,pressable</key>
	<key>A,Sprint0.Commands.CMovePlayerLeft,holdable</key>
    <key>A,Sprint0.Commands.CZeroPlayerXVelocity,releasable</key>
  
    <key>D,Sprint0.Commands.CMovePlayerRight,pressable</key>
	<key>D,Sprint0.Commands.CMovePlayerRight,holdable</key>
    <key>D,Sprint0.Commands.CZeroPlayerXVelocity,releasable</key>

    <key>Space,Sprint0.Commands.CPlayerJump,pressable</key>
    <key>Space,Sprint0.Commands.CPlayerJump,holdable</key>
    <key>Space,Sprint0.Commands.CPlayerStopJump,releasable</key>
    
    <key>Z,Sprint0.Commands.CPlayerPrimaryAttack,pressable</key>
    
  </PlayerKeyboard0>
  <PlayerKeyboard1>
    <key>Left,Sprint0.Commands.CMovePlayerLeft,pressable</key>
    <key>Left,Sprint0.Commands.CZeroPlayerXVelocity,releasable</key>

    <key>Right,Sprint0.Commands.CMovePlayerRight,pressable</key>
    <key>Right,Sprint0.Commands.CZeroPlayerXVelocity,releasable</key>

    <key>RightShift,Sprint0.Commands.CPlayerJump,pressable</key>
    <key>RightShift,Sprint0.Commands.CPlayerJump,holdable</key>
    <key>RightShift,Sprint0.Commands.CPlayerStopJump,releasable</key>
    
  </PlayerKeyboard1>
  <PlayerKeyboard2>

  </PlayerKeyboard2>
  <PlayerKeyboard3>

  </PlayerKeyboard3>
  <EnemyKeyboard>
    <key>A,Sprint0.Commands.CMoveEnemyLeft,pressable</key>
    <key>A,Sprint0.Commands.CZeroEnemyXVelocity,releasable</key>
    <key>D,Sprint0.Commands.CMoveEnemyRight,pressable</key>
    <key>D,Sprint0.Commands.CZeroEnemyXVelocity,releasable</key>
  </EnemyKeyboard>
</keyboards>