[
  {
    "DataX": [ 231 ],
    "DataY": [ 157 ],
    "Data": [ 25, 25, 1 ],
    "SpriteName": "RightIdleChargeEnemy1Health",
    "SpriteSheet": "charger"
  },
  {
    "DataX": [ 138, 170 ],
    "DataY": [ 157, 157 ],
    "Data": [ 25, 25, 2 ],
    "SpriteName": "RightMovingChargeEnemy1Health",
    "SpriteSheet": "charger"
  },
  {
    "DataX": [ 352 ],
    "DataY": [ 157 ],
    "Data": [ 25, 25, 1 ],
    "SpriteName": "LeftIdleChargeEnemy1Health",
    "SpriteSheet": "charger"
  }, 
  {
    "DataX": [ 11, 43 ],
    "DataY": [ 157, 157 ],
    "Data": [ 25, 25, 2 ],
    "SpriteName": "LeftMovingChargeEnemy1Health",
    "SpriteSheet": "charger"
  },
  {
    "DataX": [ 91 ],
    "DataY": [ 157 ],
    "Data": [ 25, 25, 1 ],
    "SpriteName": "ChargeEnemy0Health",
    "SpriteSheet": "charger"
  },
  {
    "DataX": [ 0, 30 ],
    "DataY": [ 4, 4 ],
    "Data": [ 16, 16, 2 ],
    "SpriteName": "RightIdleBomber1Health",
    "SpriteSheet": "enemies"
  },
  {
    "DataX": [ 0, 30 ],
    "DataY": [ 4, 4 ],
    "Data": [ 16, 16, 2 ],
    "SpriteName": "RightMovingBomber1Health",
    "SpriteSheet": "enemies"
  },
  {
    "DataX": [ 0, 30 ],
    "DataY": [ 4, 4 ],
    "Data": [ 16, 16, 2 ],
    "SpriteName": "LeftIdleBomber1Health",
    "SpriteSheet": "enemies"
  },
  {
    "DataX": [ 0, 30 ],
    "DataY": [ 4, 4 ],
    "Data": [ 16, 16, 2 ],
    "SpriteName": "LeftMovingBomber1Health",
    "SpriteSheet": "enemies"
  },
  {
    "DataX": [ 60 ],
    "DataY": [ 4 ],
    "Data": [ 16, 16, 1 ],
    "SpriteName": "Bomber0Health",
    "SpriteSheet": "enemies"
  },
  {
    "DataX": [ 359 ],
    "DataY": [ 67 ],
    "Data": [ 16, 32, 1 ],
    "SpriteName": "RightJumpingMarioFull",
    "SpriteSheet": "mario"
  },
  {
    "DataX": [ 30 ],
    "DataY": [ 67 ],
    "Data": [ 16, 32, 1 ],
    "SpriteName": "LeftJumpingMarioFull",
    "SpriteSheet": "mario"
  },
  {
    "DataX": [ 359, 362 ],
    "DataY": [ 52, 122 ],
    "Data": [ 16, 32, 2 ],
    "SpriteName": "RightJumpingMarioStar",
    "SpriteSheet": "StarMario"
  },
  {
    "DataX": [ 30, 27 ],
    "DataY": [ 52, 122 ],
    "Data": [ 16, 32, 2 ],
    "SpriteName": "LeftJumpingMarioStar",
    "SpriteSheet": "StarMario"
  },
  {
    "DataX": [ 359, 359 ],
    "DataY": [ 67, 0 ],
    "Data": [ 17, 30, 2 ],
    "SpriteName": "RightJumpingMarioFullDamaged",
    "SpriteSheet": "mario"
  },
  {
    "DataX": [ 30, 29 ],
    "DataY": [ 67, 0 ],
    "Data": [ 17, 30, 2 ],
    "SpriteName": "LeftJumpingMarioFullDamaged",
    "SpriteSheet": "mario"
  },
  {
    "DataX": [ 359 ],
    "DataY": [ 15 ],
    "Data": [ 17, 16, 1 ],
    "SpriteName": "RightJumpingMarioHalf",
    "SpriteSheet": "mario"
  },
  {
    "DataX": [ 29 ],
    "DataY": [ 15 ],
    "Data": [ 17, 16, 1 ],
    "SpriteName": "LeftJumpingMarioHalf",
    "SpriteSheet": "mario"
  },
  {
    "DataX": [ 209 ],
    "DataY": [ 67 ],
    "Data": [ 16, 32, 1 ],
    "SpriteName": "RightIdleMarioFull",
    "SpriteSheet": "mario"
  },
  {
    "DataX": [ 180 ],
    "DataY": [ 67 ],
    "Data": [ 16, 32, 1 ],
    "SpriteName": "LeftIdleMarioFull",
    "SpriteSheet": "mario"
  },
  {
    "DataX": [ 209, 209 ],
    "DataY": [ 52, 122 ],
    "Data": [ 16, 32, 2 ],
    "SpriteName": "RightIdleMarioStar",
    "SpriteSheet": "StarMario"
  },
  {
    "DataX": [ 180, 180 ],
    "DataY": [ 52, 122 ],
    "Data": [ 16, 32, 2 ],
    "SpriteName": "LeftIdleMarioStar",
    "SpriteSheet": "StarMario"
  },
  {
    "DataX": [ 209, 211 ],
    "DataY": [ 67, 0 ],
    "Data": [ 16, 30, 2 ],
    "SpriteName": "RightIdleMarioFullDamaged",
    "SpriteSheet": "mario"
  },

  {
    "DataX": [ 180, 181 ],
    "DataY": [ 67, 0 ],
    "Data": [ 16, 30, 2 ],
    "SpriteName": "LeftIdleMarioFullDamaged",
    "SpriteSheet": "mario"
  },
  {
    "DataX": [ 211 ],
    "DataY": [ 15 ],
    "Data": [ 16, 16, 1 ],
    "SpriteName": "RightIdleMarioHalf",
    "SpriteSheet": "mario"
  },

  {
    "DataX": [ 181 ],
    "DataY": [ 15 ],
    "Data": [ 16, 16, 1 ],
    "SpriteName": "LeftIdleMarioHalf",
    "SpriteSheet": "mario"
  },
  {
    "DataX": [ 389 ],
    "DataY": [ 72 ],
    "Data": [ 16, 22, 1 ],
    "SpriteName": "RightCrouchedMarioFull",
    "SpriteSheet": "mario"
  },
  {
    "DataX": [ 0 ],
    "DataY": [ 72 ],
    "Data": [ 16, 22, 1 ],
    "SpriteName": "LeftCrouchedMarioFull",
    "SpriteSheet": "mario"
  },
  {
    "DataX": [ 389 ],
    "DataY": [ 57 ],
    "Data": [ 16, 22, 1 ],
    "SpriteName": "RightCrouchedMarioStar",
    "SpriteSheet": "StarMario"
  },
  {
    "DataX": [ 0 ],
    "DataY": [ 57 ],
    "Data": [ 16, 22, 1 ],
    "SpriteName": "LeftCrouchedMarioStar",
    "SpriteSheet": "StarMario"
  },
  {
    "DataX": [ 389, 211 ],
    "DataY": [ 72, 0 ],
    "Data": [ 16, 22, 2 ],
    "SpriteName": "RightCrouchedMarioFullDamaged",
    "SpriteSheet": "mario"
  },
  {
    "DataX": [ 0, 181 ],
    "DataY": [ 72, 0 ],
    "Data": [ 16, 22, 2 ],
    "SpriteName": "LeftCrouchedMarioFullDamaged",
    "SpriteSheet": "mario"
  },
  {
    "DataX": [ 239, 270, 299 ],
    "DataY": [ 67, 67, 68 ],
    "Data": [ 16, 32, 3 ],
    "SpriteName": "RightMovingMarioFull",
    "SpriteSheet": "mario"
  },
  {
    "DataX": [ 150, 121, 90 ],
    "DataY": [ 67, 67, 68 ],
    "Data": [ 16, 32, 3 ],
    "SpriteName": "LeftMovingMarioFull",
    "SpriteSheet": "mario"
  },
  {
    "DataX": [ 239, 263, 299, 237, 270, 287 ],
    "DataY": [ 52, 122, 53, 122, 52, 123 ],
    "Data": [ 16, 32, 6 ],
    "SpriteName": "RightMovingMarioStar",
    "SpriteSheet": "StarMario"
  },
  {
    "DataX": [ 150, 128, 90, 152, 121, 102 ],
    "DataY": [ 52, 122, 53, 122, 52, 123 ],
    "Data": [ 16, 32, 6 ],
    "SpriteName": "LeftMovingMarioStar",
    "SpriteSheet": "StarMario"
  },
  {
    "DataX": [ 241, 270, 300 ],
    "DataY": [ 0, 67, 0 ],
    "Data": [ 16, 30, 3 ],
    "SpriteName": "RightMovingMarioFullDamaged",
    "SpriteSheet": "mario"
  },
  {
    "DataX": [ 150, 121, 89 ],
    "DataY": [ 0, 67, 0 ],
    "Data": [ 16, 32, 3 ],
    "SpriteName": "LeftMovingMarioFullDamaged",
    "SpriteSheet": "mario"
  },
  {
    "DataX": [ 241, 272, 300 ],
    "DataY": [ 15, 15, 15 ],
    "Data": [ 16, 16, 3 ],
    "SpriteName": "RightMovingMarioHalf",
    "SpriteSheet": "mario"
  },
  {
    "DataX": [ 150, 121, 89 ],
    "DataY": [ 15, 15, 15 ],
    "Data": [ 16, 16, 3 ],
    "SpriteName": "LeftMovingMarioHalf",
    "SpriteSheet": "mario"
  },
  {
    "DataX": [ 362 ],
    "DataY": [ 137 ],
    "Data": [ 16, 32, 1 ],
    "SpriteName": "RightJumpingMarioFire",
    "SpriteSheet": "mario"
  },
  {
    "DataX": [ 27 ],
    "DataY": [ 137 ],
    "Data": [ 16, 32, 1 ],
    "SpriteName": "LeftJumpingMarioFire",
    "SpriteSheet": "mario"
  },
  {
    "DataX": [ 362, 359 ],
    "DataY": [ 137, 67 ],
    "Data": [ 16, 32, 2 ],
    "SpriteName": "RightJumpingMarioFireDamaged",
    "SpriteSheet": "mario"
  },
  {
    "DataX": [ 27, 30 ],
    "DataY": [ 137, 67 ],
    "Data": [ 16, 32, 2 ],
    "SpriteName": "LeftJumpingMarioFireDamaged",
    "SpriteSheet": "mario"
  },
  {
    "DataX": [ 209 ],
    "DataY": [ 137 ],
    "Data": [ 16, 32, 1 ],
    "SpriteName": "RightIdleMarioFire",
    "SpriteSheet": "mario"
  },

  {
    "DataX": [ 180 ],
    "DataY": [ 137 ],
    "Data": [ 16, 32, 1 ],
    "SpriteName": "LeftIdleMarioFire",
    "SpriteSheet": "mario"
  },
  {
    "DataX": [ 209, 209 ],
    "DataY": [ 137, 67 ],
    "Data": [ 16, 32, 2 ],
    "SpriteName": "RightIdleMarioFireDamaged",
    "SpriteSheet": "mario"
  },

  {
    "DataX": [ 180, 180 ],
    "DataY": [ 137, 67 ],
    "Data": [ 16, 32, 2 ],
    "SpriteName": "LeftIdleMarioFireDamaged",
    "SpriteSheet": "mario"
  },
  {
    "DataX": [ 389 ],
    "DataY": [ 142 ],
    "Data": [ 16, 22, 1 ],
    "SpriteName": "RightCrouchedMarioFire",
    "SpriteSheet": "mario"
  },
  {
    "DataX": [ 0 ],
    "DataY": [ 142 ],
    "Data": [ 16, 22, 1 ],
    "SpriteName": "LeftCrouchedMarioFire",
    "SpriteSheet": "mario"
  },
  {
    "DataX": [ 389, 389 ],
    "DataY": [ 142, 72 ],
    "Data": [ 16, 22, 1 ],
    "SpriteName": "RightCrouchedMarioFireDamaged",
    "SpriteSheet": "mario"
  },
  {
    "DataX": [ 0, 0 ],
    "DataY": [ 142, 72 ],
    "Data": [ 16, 22, 2 ],
    "SpriteName": "LeftCrouchedMarioFireDamaged",
    "SpriteSheet": "mario"
  },
  {
    "DataX": [ 237, 263, 287 ],
    "DataY": [ 137, 137, 138 ],
    "Data": [ 16, 32, 3 ],
    "SpriteName": "RightMovingMarioFire",
    "SpriteSheet": "mario"
  },
  {
    "DataX": [ 152, 128, 102 ],
    "DataY": [ 137, 137, 138 ],
    "Data": [ 16, 32, 3 ],
    "SpriteName": "LeftMovingMarioFire",
    "SpriteSheet": "mario"
  },
  {
    "DataX": [ 239, 263, 299 ],
    "DataY": [ 67, 137, 68 ],
    "Data": [ 16, 32, 3 ],
    "SpriteName": "RightMovingMarioFireDamaged",
    "SpriteSheet": "mario"
  },
  {
    "DataX": [ 150, 128, 90 ],
    "DataY": [ 67, 137, 68 ],
    "Data": [ 16, 32, 3 ],
    "SpriteName": "LeftMovingMarioFireDamaged",
    "SpriteSheet": "mario"
  },
  {
    "DataX": [ 0 ],
    "DataY": [ 31 ],
    "Data": [ 16, 16, 1 ],
    "SpriteName": "MarioDead",
    "SpriteSheet": "mario"
  },
  {
    "DataX": [ 363, 390 ],
    "DataY": [ 174, 173 ],
    "Data": [ 16, 32, 2 ],
    "SpriteName": "RightClimbMarioFire",
    "SpriteSheet": "mario"
  },
  {
    "DataX": [ 363, 390 ],
    "DataY": [ 104, 103 ],
    "Data": [ 16, 32, 2 ],
    "SpriteName": "RightClimbMarioFull",
    "SpriteSheet": "mario"
  },
  {
    "DataX": [ 331, 361 ],
    "DataY": [ 45, 45 ],
    "Data": [ 16, 16, 2 ],
    "SpriteName": "RightClimbMarioHalf",
    "SpriteSheet": "mario"
  },
  {
    "DataX": [ 61, 30 ],
    "DataY": [ 45, 45 ],
    "Data": [ 16, 16, 2 ],
    "SpriteName": "LeftClimbMarioHalf",
    "SpriteSheet": "mario"
  },
  {
    "DataX": [ 1, 28 ],
    "DataY": [ 103, 104 ],
    "Data": [ 16, 32, 1 ],
    "SpriteName": "LeftClimbMarioFull",
    "SpriteSheet": "mario"
  },
  {
    "DataX": [ 1, 28 ],
    "DataY": [ 173, 174 ],
    "Data": [ 16, 32, 1 ],
    "SpriteName": "LeftClimbMarioFire",
    "SpriteSheet": "mario"
  },
  {
    "DataX": [ 80, 96, 112 ],
    "DataY": [ 112, 112, 112 ],
    "Data": [ 16, 16, 3 ],
    "SpriteName": "ItemBlock",
    "SpriteSheet": "blocks"
  },
  {
    "DataX": [ 80, 96, 112 ],
    "DataY": [ 112, 112, 112 ],
    "Data": [ 16, 16, 3 ],
    "SpriteName": "MushroomItemBlock",
    "SpriteSheet": "blocks"
  },
  {
    "DataX": [ 80, 96, 112 ],
    "DataY": [ 112, 112, 112 ],
    "Data": [ 16, 16, 3 ],
    "SpriteName": "StarItemBlock",
    "SpriteSheet": "blocks"
  },
  {
    "DataX": [ 80, 96, 112 ],
    "DataY": [ 112, 112, 112 ],
    "Data": [ 16, 16, 3 ],
    "SpriteName": "FireFlowerItemBlock",
    "SpriteSheet": "blocks"
  },
  {
    "DataX": [ 80, 96, 112 ],
    "DataY": [ 112, 112, 112 ],
    "Data": [ 16, 16, 3 ],
    "SpriteName": "CoinItemBlock",
    "SpriteSheet": "blocks"
  },
  {
    "DataX": [ 144 ],
    "DataY": [ 112 ],
    "Data": [ 16, 16, 1 ],
    "SpriteName": "UsedItemBlock",
    "SpriteSheet": "blocks"
  },
  {
    "DataX": [ 272 ],
    "DataY": [ 112 ],
    "Data": [ 16, 16, 1 ],
    "SpriteName": "BrickBlock",
    "SpriteSheet": "blocks"
  },
  {
    "DataX": [ 304 ],
    "DataY": [ 112 ],
    "Data": [ 8, 8, 1 ],
    "SpriteName": "BrickDebris",
    "SpriteSheet": "blocks"
  },
  {
    "DataX": [ 272 ],
    "DataY": [ 128 ],
    "Data": [ 16, 16, 1 ],
    "SpriteName": "UndergroundBrickBlock",
    "SpriteSheet": "blocks"
  },
  {
    "DataX": [ 164 ],
    "DataY": [ 100 ],
    "Data": [ 16, 16, 1 ],
    "SpriteName": "GreenBrickBlock",
    "SpriteSheet": "TileSet"
  },
  {
    "DataX": [ 147 ],
    "DataY": [ 117 ],
    "Data": [ 16, 16, 1 ],
    "SpriteName": "GreenBlock",
    "SpriteSheet": "TileSet"
  },
  {
    "DataX": [ 147 ],
    "DataY": [ 100 ],
    "Data": [ 16, 16, 1 ],
    "SpriteName": "GreenGround",
    "SpriteSheet": "TileSet"
  },
  {
    "DataX": [ 17 ],
    "DataY": [ 100 ],
    "Data": [ 16, 16, 1 ],
    "SpriteName": "CastleBrickBlock",
    "SpriteSheet": "TileSet"
  },
  {
    "DataX": [ 0 ],
    "DataY": [ 117 ],
    "Data": [ 16, 16, 1 ],
    "SpriteName": "CastleBlock",
    "SpriteSheet": "TileSet"
  },
  {
    "DataX": [ 0 ],
    "DataY": [ 100 ],
    "Data": [ 16, 16, 1 ],
    "SpriteName": "CastleGround",
    "SpriteSheet": "TileSet"
  },
  {
    "DataX": [ 304 ],
    "DataY": [ 128 ],
    "Data": [ 8, 8, 1 ],
    "SpriteName": "UndergroundBrickDebris",
    "SpriteSheet": "blocks"
  },
  {
    "DataX": [ 80, 96, 112 ],
    "DataY": [ 128, 128, 128 ],
    "Data": [ 16, 16, 3 ],
    "SpriteName": "UndergroundItemBlock",
    "SpriteSheet": "blocks"
  },
  {
    "DataX": [ 80, 96, 112 ],
    "DataY": [ 128, 128, 128 ],
    "Data": [ 16, 16, 3 ],
    "SpriteName": "MushroomUndergroundItemBlock",
    "SpriteSheet": "blocks"
  },
  {
    "DataX": [ 80, 96, 112 ],
    "DataY": [ 128, 128, 128 ],
    "Data": [ 16, 16, 3 ],
    "SpriteName": "StarUndergroundItemBlock",
    "SpriteSheet": "blocks"
  },
  {
    "DataX": [ 80, 96, 112 ],
    "DataY": [ 128, 128, 128 ],
    "Data": [ 16, 16, 3 ],
    "SpriteName": "FireFlowerUndergroundItemBlock",
    "SpriteSheet": "blocks"
  },
  {
    "DataX": [ 80, 96, 112 ],
    "DataY": [ 128, 128, 128 ],
    "Data": [ 16, 16, 3 ],
    "SpriteName": "CoinUndergroundItemBlock",
    "SpriteSheet": "blocks"
  },
  {
    "DataX": [ 0 ],
    "DataY": [ 0 ],
    "Data": [ 16, 16, 1 ],
    "SpriteName": "Mushroom",
    "SpriteSheet": "items"
  },
  {
    "DataX": [ 0, 16, 32, 48 ],
    "DataY": [ 32, 32, 32, 32 ],
    "Data": [ 16, 16, 4 ],
    "SpriteName": "Fireflower",
    "SpriteSheet": "items"
  },
  {
    "DataX": [ 0, 16, 32, 48 ],
    "DataY": [ 48, 48, 48, 48 ],
    "Data": [ 16, 16, 4 ],
    "SpriteName": "Star",
    "SpriteSheet": "items"
  },
  {
    "DataX": [ 0, 16, 32, 48 ],
    "DataY": [ 81, 81, 81, 81 ],
    "Data": [ 16, 16, 4 ],
    "SpriteName": "Coin",
    "SpriteSheet": "items"
  },
  {
    "DataX": [ 1 ],
    "DataY": [ 131 ],
    "Data": [ 16, 16, 1 ],
    "SpriteName": "Ground",
    "SpriteSheet": "tiles"
  },
  {
    "DataX": [ 275 ],
    "DataY": [ 131 ],
    "Data": [ 16, 16, 1 ],
    "SpriteName": "UndergroundGround",
    "SpriteSheet": "tiles"
  },
  {
    "DataX": [ 86 ],
    "DataY": [ 12 ],
    "Data": [ 16, 16, 1 ],
    "SpriteName": "KillBox",
    "SpriteSheet": "tiles"
  },
  {
    "DataX": [ 86 ],
    "DataY": [ 12 ],
    "Data": [ 16, 16, 1 ],
    "SpriteName": "Theme_1",
    "SpriteSheet": "black"
  },
  {
    "DataX": [ 86 ],
    "DataY": [ 12 ],
    "Data": [ 16, 16, 1 ],
    "SpriteName": "Theme_2",
    "SpriteSheet": "black"
  },
  {
    "DataX": [ 86 ],
    "DataY": [ 12 ],
    "Data": [ 16, 16, 1 ],
    "SpriteName": "Theme_3",
    "SpriteSheet": "black"
  },
  {
    "DataX": [ 86 ],
    "DataY": [ 12 ],
    "Data": [ 16, 16, 1 ],
    "SpriteName": "Theme_4",
    "SpriteSheet": "black"
  },
  {
    "DataX": [ 86 ],
    "DataY": [ 12 ],
    "Data": [ 16, 16, 1 ],
    "SpriteName": "Sky",
    "SpriteSheet": "tiles"
  },
  {
    "DataX": [ 86 ],
    "DataY": [ 63 ],
    "Data": [ 16, 16, 1 ],
    "SpriteName": "Block",
    "SpriteSheet": "tiles"
  },
  {
    "DataX": [ 360 ],
    "DataY": [ 63 ],
    "Data": [ 16, 16, 1 ],
    "SpriteName": "UndergroundBlock",
    "SpriteSheet": "tiles"
  },
  {
    "DataX": [ 309 ],
    "DataY": [ 131 ],
    "Data": [ 16, 16, 1 ],
    "SpriteName": "UndergroundFloatingGround",
    "SpriteSheet": "tiles"
  },
  {
    "DataX": [ 112 ],
    "DataY": [ 644 ],
    "Data": [ 32, 16, 1 ],
    "SpriteName": "BottomPipe",
    "SpriteSheet": "TileSet"
  },
  {
    "DataX": [ 112 ],
    "DataY": [ 612 ],
    "Data": [ 32, 16, 1 ],
    "SpriteName": "TopPipe",
    "SpriteSheet": "TileSet"
  },
  {
    "DataX": [ 0 ],
    "DataY": [ 588 ],
    "Data": [ 16, 16, 1 ],
    "SpriteName": "FlagTop",
    "SpriteSheet": "TileSet"
  },
  {
    "DataX": [ 5 ],
    "DataY": [ 620 ],
    "Data": [ 4, 16, 1 ],
    "SpriteName": "FlagPole",
    "SpriteSheet": "TileSet"
  },
  {
    "DataX": [ 130 ],
    "DataY": [ 46 ],
    "Data": [ 25, 16, 1 ],
    "SpriteName": "Flag",
    "SpriteSheet": "tiles"
  },
  {
    "DataX": [ 364 ],
    "DataY": [ 188 ],
    "Data": [ 8, 8, 1 ],
    "SpriteName": "fireball",
    "SpriteSheet": "enemies"
  },
  {
    "DataX": [ 364 ],
    "DataY": [ 188 ],
    "Data": [ 8, 8, 1 ],
    "SpriteName": "Bowser_Fire",
    "SpriteSheet": "enemies"
  },
  {
    "DataX": [ 0, 30 ],
    "DataY": [ 4, 4 ],
    "Data": [ 16, 16, 2 ],
    "SpriteName": "LeftMovingGoomba1Health",
    "SpriteSheet": "enemies"
  },
  {
    "DataX": [ 0, 30 ],
    "DataY": [ 4, 4 ],
    "Data": [ 16, 16, 2 ],
    "SpriteName": "RightMovingGoomba1Health",
    "SpriteSheet": "enemies"
  },
  {
    "DataX": [ 0 ],
    "DataY": [ 4 ],
    "Data": [ 16, 16, 1 ],
    "SpriteName": "LeftIdleGoomba1Health",
    "SpriteSheet": "enemies"
  },
  {
    "DataX": [ 0 ],
    "DataY": [ 4 ],
    "Data": [ 16, 16, 1 ],
    "SpriteName": "RightIdleGoomba1Health",
    "SpriteSheet": "enemies"
  },
  {
    "DataX": [ 60 ],
    "DataY": [ 4 ],
    "Data": [ 16, 16, 1 ],
    "SpriteName": "Goomba0Health",
    "SpriteSheet": "enemies"
  },
  {
    "DataX": [ 90, 120 ],
    "DataY": [ 0, 0 ],
    "Data": [ 16, 24, 2 ],
    "SpriteName": "LeftMovingKoopa2Health",
    "SpriteSheet": "enemies"
  },
  {
    "DataX": [ 270, 300 ],
    "DataY": [ 0, 0 ],
    "Data": [ 16, 24, 2 ],
    "SpriteName": "RightMovingKoopa2Health",
    "SpriteSheet": "enemies"
  },
  {
    "DataX": [ 90 ],
    "DataY": [ 0 ],
    "Data": [ 16, 24, 1 ],
    "SpriteName": "LeftIdleKoopa2Health",
    "SpriteSheet": "enemies"
  },
  {
    "DataX": [ 270 ],
    "DataY": [ 0 ],
    "Data": [ 16, 24, 1 ],
    "SpriteName": "RightIdleKoopa2Health",
    "SpriteSheet": "enemies"
  },
  {
    "DataX": [ 150, 180 ],
    "DataY": [ 0, 0 ],
    "Data": [ 16, 24, 2 ],
    "SpriteName": "LeftMovingKoopa1Health",
    "SpriteSheet": "enemies"
  },
  {
    "DataX": [ 240, 210 ],
    "DataY": [ 0, 0 ],
    "Data": [ 16, 24, 2 ],
    "SpriteName": "RightMovingKoopa1Health",
    "SpriteSheet": "enemies"
  },
  {
    "DataX": [ 150 ],
    "DataY": [ 0 ],
    "Data": [ 16, 24, 1 ],
    "SpriteName": "LeftIdleKoopa1Health",
    "SpriteSheet": "enemies"
  },
  {
    "DataX": [ 240 ],
    "DataY": [ 0 ],
    "Data": [ 16, 24, 1 ],
    "SpriteName": "RightIdleKoopa1Health",
    "SpriteSheet": "enemies"
  },
  {
    "DataX": [ 360 ],
    "DataY": [ 5 ],
    "Data": [ 16, 14, 1 ],
    "SpriteName": "Koopa0Health",
    "SpriteSheet": "enemies"
  },
  {
    "DataX": [ 138 ],
    "DataY": [ 124 ],
    "Data": [ 24, 31, 1 ],
    "SpriteName": "RightIdleHammerBro1Health",
    "SpriteSheet": "hammer_bro"
  },
  {
    "DataX": [ 30 ],
    "DataY": [ 124 ],
    "Data": [ 24, 31, 1 ],
    "SpriteName": "LeftIdleHammerBro1Health",
    "SpriteSheet": "hammer_bro"
  },
  {
    "DataX": [ 25 ],
    "DataY": [ 0 ],
    "Data": [ 25, 17, 1 ],
    "SpriteName": "RightIdleBulletBill1Health",
    "SpriteSheet": "bullet_bill"
  },
  {
    "DataX": [ 0 ],
    "DataY": [ 0 ],
    "Data": [ 25, 17, 1 ],
    "SpriteName": "LeftIdleBulletBill1Health",
    "SpriteSheet": "bullet_bill"
  },
  {
    "DataX": [ 25 ],
    "DataY": [ 0 ],
    "Data": [ 25, 17, 1 ],
    "SpriteName": "RightMovingBulletBill1Health",
    "SpriteSheet": "bullet_bill"
  },
  {
    "DataX": [ 0 ],
    "DataY": [ 0 ],
    "Data": [ 25, 17, 1 ],
    "SpriteName": "LeftMovingBulletBill1Health",
    "SpriteSheet": "bullet_bill"
  },
  {
    "DataX": [ 30 ],
    "DataY": [ 124 ],
    "Data": [ 24, 31, 1 ],
    "SpriteName": "HammerBro0Health",
    "SpriteSheet": "hammer_bro"
  },
  {
    "DataX": [ 323, 343, 363, 381 ],
    "DataY": [ 137, 137, 137, 137 ],
    "Data": [ 16, 16, 4 ],
    "SpriteName": "Hammer",
    "SpriteSheet": "hammer_bro"
  },
  {
    "DataX": [ 122 ],
    "DataY": [ 212 ],
    "Data": [ 32, 32, 1 ],
    "SpriteName": "LeftIdleBowser3Health",
    "SpriteSheet": "enemies"
  },
  {
    "DataX": [ 202 ],
    "DataY": [ 212 ],
    "Data": [ 32, 32, 1 ],
    "SpriteName": "RightIdleBowser3Health",
    "SpriteSheet": "enemies"
  },
  {
    "DataX": [ 82 ],
    "DataY": [ 212 ],
    "Data": [ 32, 32, 1 ],
    "SpriteName": "Bowser0Health",
    "SpriteSheet": "enemies"
  }
]






