﻿<Levels>
	<!--Level 0 acts as our test level which we used for our first demo as well as for various testing-->
  
          <!--xPosition, yPosition, numOfXSpawns, numOfYSpawns, Namespace.classname, spritename-->
  
  <Level0>
    <row>
     <obj>2,9,1,0,Sprint0.Blocks.BrickBlock,BrickBlock</obj>
     <obj>0,12,1,0,Sprint0.Blocks.BrickBlock,BrickBlock</obj>
     <obj>0,11,1,0,Sprint0.Blocks.BrickBlock,BrickBlock</obj>
     <obj>0,10,1,0,Sprint0.Blocks.BrickBlock,BrickBlock</obj>
     <obj>0,9,1,0,Sprint0.Blocks.BrickBlock,BrickBlock</obj>
     <obj>0,8,1,0,Sprint0.Blocks.BrickBlock,BrickBlock</obj>
     <obj>0,7,1,0,Sprint0.Blocks.BrickBlock,BrickBlock</obj>
     <obj>0,6,1,0,Sprint0.Blocks.BrickBlock,BrickBlock</obj>
     <obj>0,5,1,0,Sprint0.Blocks.BrickBlock,BrickBlock</obj>
     <obj>0,4,1,0,Sprint0.Blocks.BrickBlock,BrickBlock</obj>
     <obj>0,3,1,0,Sprint0.Blocks.BrickBlock,BrickBlock</obj>
     <obj>0,2,1,0,Sprint0.Blocks.BrickBlock,BrickBlock</obj>
     <obj>0,1,1,0,Sprint0.Blocks.BrickBlock,BrickBlock</obj>
     <obj>0,0,1,0,Sprint0.Blocks.BrickBlock,BrickBlock</obj>

      
		 <obj>80,8,3,0,Sprint0.Blocks.BrickBlock,BrickBlock</obj>
		 <obj>79,7,1,0,Sprint0.Blocks.BrickBlock,BrickBlock</obj>
		 <obj>83,7,1,0,Sprint0.Blocks.BrickBlock,BrickBlock</obj>
		 <obj>80,4,1,0,Sprint0.Blocks.BrickBlock,BrickBlock</obj>
		 <obj>82,4,1,0,Sprint0.Blocks.BrickBlock,BrickBlock</obj>

		 <obj>100,6,5,0,Sprint0.Blocks.BrickBlock,BrickBlock</obj>
		 <obj>105,6,5,0,Sprint0.Blocks.BrickBlock,ItemBlock</obj>
		 <obj>106,6,5,0,Sprint0.Blocks.BrickBlock,BrickBlock</obj>
		 <obj>95,9,15,0,Sprint0.Blocks.BrickBlock,BrickBlock</obj>
     </row>
    <row>
      <obj>2,10,1,0,Sprint0.Mario,Sprint0.Mario, Sprint0.Mario</obj>
      <obj>6,12,1,0,Sprint0.Enemies.Enemy,Goomba</obj>
    
      <obj>85,12,1,0,Sprint0.Enemies.Enemy,Goomba</obj>
	    <obj>120,12,1,0,Sprint0.Enemies.Enemy,Goomba</obj>
	    <obj>15,6,1,0,Sprint0.Enemies.Enemy,Koopa</obj>
	   <obj>165,5,1,0,Sprint0.Enemies.Enemy,Koopa</obj>
	  <obj>90,4,1,0,Sprint0.Enemies.Enemy,Koopa</obj>
	 <!-- <obj>185,11,1,0,Sprint0.Enemies.Enemy,Bowser</obj> -->
	  <obj>5,11,1,0,Sprint0.Items.Item,Mushroom</obj>
	  <obj>7,11,1,0,Sprint0.Items.Item,Fireflower</obj>
	 <obj>9,11,1,0,Sprint0.Items.Item,Star</obj>
    </row>
	  <row>
		  <obj>11,10,2,0,Sprint0.Blocks.BrickBlock,BrickBlock</obj>
		  <obj>13,10,1,0,Sprint0.Blocks.BrickBlock,ItemBlock</obj>
		  <obj>14,10,2,0,Sprint0.Blocks.BrickBlock,BrickBlock</obj>
	  </row>
	  <row>
      <obj>0,13,19,0,Sprint0.Blocks.Block,Ground</obj>
	  <obj>22,13,30,0,Sprint0.Blocks.Block,Ground</obj>
	  <obj>56,13,150,0,Sprint0.Blocks.Block,Ground</obj>
	  </row>
	  <row>
	  <obj>0,14,19,0,Sprint0.Blocks.Block,Ground</obj>
      <obj>22,14,30,0,Sprint0.Blocks.Block,Ground</obj>
	  <obj>56,14,150,0,Sprint0.Blocks.Block,Ground</obj>
	  </row>
	  <row>
		  <obj>50,12,1,0,Sprint0.Blocks.Block,UsedItemBlock</obj>
		  <obj>51,12,1,0,Sprint0.Blocks.Block,UsedItemBlock</obj>
		  <obj>50,11,1,0,Sprint0.Blocks.Block,UsedItemBlock</obj>
		  <obj>51,11,1,0,Sprint0.Blocks.Block,UsedItemBlock</obj>
		  <obj>50,10,1,0,Sprint0.Blocks.Block,UsedItemBlock</obj>
		  <obj>51,10,1,0,Sprint0.Blocks.Block,UsedItemBlock</obj>
		  <obj>50,9,1,0,Sprint0.Blocks.Block,UsedItemBlock</obj>
		  <obj>51,9,1,0,Sprint0.Blocks.Block,UsedItemBlock</obj>
		  
		  <obj>134,12,1,0,Sprint0.Blocks.BrickBlock,BrickBlock</obj>
		  <obj>133,12,1,0,Sprint0.Blocks.BrickBlock,BrickBlock</obj>
		  <obj>132,12,1,0,Sprint0.Blocks.BrickBlock,BrickBlock</obj>
		  <obj>131,12,1,0,Sprint0.Blocks.BrickBlock,BrickBlock</obj>
		  <obj>134,11,1,0,Sprint0.Blocks.BrickBlock,BrickBlock</obj>
		  <obj>133,11,1,0,Sprint0.Blocks.BrickBlock,BrickBlock</obj>
		  <obj>132,11,1,0,Sprint0.Blocks.BrickBlock,BrickBlock</obj>
		  <obj>131,11,1,0,Sprint0.Blocks.BrickBlock,BrickBlock</obj>
		  
		  
		  <obj>141,12,1,0,Sprint0.Blocks.Block,Block</obj>
		  <obj>142,12,1,0,Sprint0.Blocks.Block,Block</obj>
		  <obj>142,11,1,0,Sprint0.Blocks.Block,Block</obj>
		  <obj>143,12,1,0,Sprint0.Blocks.Block,Block</obj>
		  <obj>143,11,1,0,Sprint0.Blocks.Block,Block</obj>
		  <obj>143,10,1,0,Sprint0.Blocks.Block,Block</obj>
		  <obj>144,12,1,0,Sprint0.Blocks.Block,Block</obj>
		  <obj>144,11,1,0,Sprint0.Blocks.Block,Block</obj>
		  <obj>144,10,1,0,Sprint0.Blocks.Block,Block</obj>
		  <obj>144,9,1,0,Sprint0.Blocks.Block,Block</obj>
		  <obj>145,12,1,0,Sprint0.Blocks.Block,Block</obj>
		  <obj>145,11,1,0,Sprint0.Blocks.Block,Block</obj>
		  <obj>145,10,1,0,Sprint0.Blocks.Block,Block</obj>
		  <obj>145,9,1,0,Sprint0.Blocks.Block,Block</obj>
		  <obj>145,8,1,0,Sprint0.Blocks.Block,Block</obj>
		  <obj>146,12,1,0,Sprint0.Blocks.Block,Block</obj>
		  <obj>146,11,1,0,Sprint0.Blocks.Block,Block</obj>
		  <obj>146,10,1,0,Sprint0.Blocks.Block,Block</obj>
		  <obj>146,9,1,0,Sprint0.Blocks.Block,Block</obj>
		  <obj>146,8,1,0,Sprint0.Blocks.Block,Block</obj>
		  <obj>151,12,1,0,Sprint0.Blocks.Block,Block</obj>
		  <obj>151,11,1,0,Sprint0.Blocks.Block,Block</obj>
		  <obj>151,10,1,0,Sprint0.Blocks.Block,Block</obj>
		  <obj>151,9,1,0,Sprint0.Blocks.Block,Block</obj>
		  <obj>151,8,1,0,Sprint0.Blocks.Block,Block</obj>
		  <obj>151,7,1,0,Sprint0.Blocks.Block,Block</obj>
		  <obj>151,6,1,0,Sprint0.Blocks.Block,Block</obj>
		  <obj>151,5,1,0,Sprint0.Blocks.Block,Block</obj>


		  <obj>171,12,1,0,Sprint0.Blocks.Block,GreenBlock</obj>
		  <obj>172,12,1,0,Sprint0.Blocks.Block,GreenBlock</obj>
		  <obj>172,11,1,0,Sprint0.Blocks.Block,GreenBlock</obj>
		  <obj>173,12,1,0,Sprint0.Blocks.Block,GreenBlock</obj>
		  <obj>173,11,1,0,Sprint0.Blocks.Block,GreenBlock</obj>
		  <obj>173,10,1,0,Sprint0.Blocks.Block,GreenBlock</obj>
		  <obj>174,12,1,0,Sprint0.Blocks.Block,GreenBlock</obj>
		  <obj>174,11,1,0,Sprint0.Blocks.Block,GreenBlock</obj>
		  <obj>174,10,1,0,Sprint0.Blocks.Block,GreenBlock</obj>
		  <obj>174,9,1,0,Sprint0.Blocks.Block,GreenBlock</obj>
		  <obj>175,12,1,0,Sprint0.Blocks.Block,GreenBlock</obj>
		  <obj>175,11,1,0,Sprint0.Blocks.Block,GreenBlock</obj>
		  <obj>175,10,1,0,Sprint0.Blocks.Block,GreenBlock</obj>
		  <obj>175,9,1,0,Sprint0.Blocks.Block,GreenBlock</obj>
		  <obj>175,8,1,0,Sprint0.Blocks.Block,GreenBlock</obj>
		  <obj>176,12,1,0,Sprint0.Blocks.Block,GreenBlock</obj>
		  <obj>176,11,1,0,Sprint0.Blocks.Block,GreenBlock</obj>
		  <obj>176,10,1,0,Sprint0.Blocks.Block,GreenBlock</obj>
		  <obj>176,9,1,0,Sprint0.Blocks.Block,GreenBlock</obj>
		  <obj>176,8,1,0,Sprint0.Blocks.Block,GreenBlock</obj>
		  <obj>176,7,1,0,Sprint0.Blocks.Block,GreenBlock</obj>
		  <obj>177,12,1,0,Sprint0.Blocks.Block,GreenBlock</obj>
		  <obj>177,11,1,0,Sprint0.Blocks.Block,GreenBlock</obj>
		  <obj>177,10,1,0,Sprint0.Blocks.Block,GreenBlock</obj>
		  <obj>177,9,1,0,Sprint0.Blocks.Block,GreenBlock</obj>
		  <obj>177,8,1,0,Sprint0.Blocks.Block,GreenBlock</obj>
		  <obj>177,7,1,0,Sprint0.Blocks.Block,GreenBlock</obj>
		  <obj>177,6,1,0,Sprint0.Blocks.Block,GreenBlock</obj>
		  <obj>178,12,1,0,Sprint0.Blocks.Block,GreenBlock</obj>
		  <obj>178,11,1,0,Sprint0.Blocks.Block,GreenBlock</obj>
		  <obj>178,10,1,0,Sprint0.Blocks.Block,GreenBlock</obj>
		  <obj>178,9,1,0,Sprint0.Blocks.Block,GreenBlock</obj>
		  <obj>178,8,1,0,Sprint0.Blocks.Block,GreenBlock</obj>
		  <obj>178,7,1,0,Sprint0.Blocks.Block,GreenBlock</obj>
		  <obj>178,6,1,0,Sprint0.Blocks.Block,GreenBlock</obj>
		  <obj>178,5,1,0,Sprint0.Blocks.Block,GreenBlock</obj>
		  <obj>179,12,1,0,Sprint0.Blocks.Block,GreenBlock</obj>
		  <obj>179,11,1,0,Sprint0.Blocks.Block,GreenBlock</obj>
		  <obj>179,10,1,0,Sprint0.Blocks.Block,GreenBlock</obj>
		  <obj>179,9,1,0,Sprint0.Blocks.Block,GreenBlock</obj>
		  <obj>179,8,1,0,Sprint0.Blocks.Block,GreenBlock</obj>
		  <obj>179,7,1,0,Sprint0.Blocks.Block,GreenBlock</obj>
		  <obj>179,6,1,0,Sprint0.Blocks.Block,GreenBlock</obj>
		  <obj>179,5,1,0,Sprint0.Blocks.Block,GreenBlock</obj>
		  <obj>179,4,1,0,Sprint0.Blocks.Block,GreenBlock</obj>

	  </row>
  </Level0>
  
  <Level1>
    <!--Ground-->
    <row>
		<obj>0,0,0,20,Sprint0.Blocks.KillBox,KillBox</obj>
      <obj>0,13,69,0,Sprint0.Blocks.Block,Ground</obj>
			<obj>69,15,2,0,Sprint0.Blocks.KillBox,KillBox</obj>
      <obj>71,13,15,0,Sprint0.Blocks.Block,Ground</obj>
			<obj>87,15,2,0,Sprint0.Blocks.KillBox,KillBox</obj>
	    <obj>89,13,64,0,Sprint0.Blocks.Block,Ground</obj>
			<obj>153,15,2,0,Sprint0.Blocks.KillBox,KillBox</obj>
	    <obj>155,13,42,0,Sprint0.Blocks.Block,Ground</obj>
		<obj>197,13,3,0,Sprint0.Blocks.CaveInBlock,Ground</obj>
		<obj>200,13,15,0,Sprint0.Blocks.Block,Ground</obj>
	  </row>
	  <row>
      <obj>0,14,69,0,Sprint0.Blocks.Block,Ground</obj>
	    <obj>71,14,15,0,Sprint0.Blocks.Block,Ground</obj>
	    <obj>89,14,64,0,Sprint0.Blocks.Block,Ground</obj>
	    <obj>155,14,42,0,Sprint0.Blocks.Block,Ground</obj>
		 <obj>197,14,3,0,Sprint0.Blocks.CaveInBlock,Ground</obj>
		<obj>200,14,15,0,Sprint0.Blocks.Block,Ground</obj>
	  </row>
	  		  <!--Player/Enemies-->
    <row>
      <obj>198,4,1,0,Sprint0.Blocks.Flag,FlagPole</obj>
      <obj>198,5,1,0,Sprint0.Blocks.Flag,FlagPole</obj>
      <obj>198,6,1,0,Sprint0.Blocks.Flag,FlagPole</obj>
      <obj>198,7,1,0,Sprint0.Blocks.Flag,FlagPole</obj>
      <obj>198,8,1,0,Sprint0.Blocks.Flag,FlagPole</obj>
      <obj>198,9,1,0,Sprint0.Blocks.Flag,FlagPole</obj>
      <obj>198,10,1,0,Sprint0.Blocks.Flag,FlagPole</obj>
      <obj>198,11,1,0,Sprint0.Blocks.Flag,FlagPole</obj>
	  <obj>197,3,1,0,Sprint0.Blocks.NoInteract,FlagTop</obj>
	  <obj>197,3,1,0,Sprint0.Blocks.NoInteract,Flag</obj>
        
      <obj>2,10,1,0,Sprint0.Mario,Sprint0.Mario,Sprint0.Mario</obj>



      <obj>22,12,1,0,Sprint0.Enemies.Enemy,Goomba</obj>
	    <obj>40,12,1,0,Sprint0.Enemies.Enemy,Goomba</obj>
	    <obj>51,12,1,0,Sprint0.Enemies.Enemy,Goomba</obj>
	    <obj>52,12,1,0,Sprint0.Enemies.Enemy,Goomba</obj>
	    <obj>80,4,1,0,Sprint0.Enemies.Enemy,Goomba</obj>
	    <obj>82,4,1,0,Sprint0.Enemies.Enemy,Goomba</obj>
			<obj>97,12,1,0,Sprint0.Enemies.Enemy,Goomba</obj>
	    <obj>98,12,1,0,Sprint0.Enemies.Enemy,Goomba</obj>
			<obj>107,12,1,0,Sprint0.Enemies.Enemy,Koopa</obj>
			<obj>114,12,1,0,Sprint0.Enemies.Enemy,Goomba</obj>
	    <obj>116,12,1,0,Sprint0.Enemies.Enemy,Goomba</obj>
	    <obj>124,12,1,0,Sprint0.Enemies.Enemy,Goomba</obj>
	    <obj>125,12,1,0,Sprint0.Enemies.Enemy,Goomba</obj>
			<obj>128,12,1,0,Sprint0.Enemies.Enemy,Goomba</obj>
	    <obj>129,12,1,0,Sprint0.Enemies.Enemy,Goomba</obj>
	    <obj>174,12,1,0,Sprint0.Enemies.Enemy,Goomba</obj>
			<obj>176,12,1,0,Sprint0.Enemies.Enemy,Goomba</obj>
    
    </row>
    
    <!--Blocks-->  
    <row>
      <obj>17,9,1,0,Sprint0.Blocks.OneCoinBlock,ItemBlock</obj><!--Should be coin-->
      <obj>20,9,1,0,Sprint0.Blocks.BrickBlock,BrickBlock</obj>
      <obj>21,9,1,0,Sprint0.Blocks.MushroomBlock,ItemBlock</obj>
      <obj>22,9,1,0,Sprint0.Blocks.BrickBlock,BrickBlock</obj>
      <obj>23,9,1,0,Sprint0.Blocks.OneCoinBlock,ItemBlock</obj><!--Should be coin-->
      <obj>24,9,1,0,Sprint0.Blocks.BrickBlock,BrickBlock</obj>
      <obj>22,5,1,0,Sprint0.Blocks.OneCoinBlock,ItemBlock</obj><!--Should be coin-->
      <obj>77,9,1,0,Sprint0.Blocks.BrickBlock,BrickBlock</obj>
      <obj>78,9,1,0,Sprint0.Blocks.MushroomBlock,ItemBlock</obj>
      <obj>79,9,1,0,Sprint0.Blocks.BrickBlock,BrickBlock</obj>
      <obj>80,5,8,0,Sprint0.Blocks.BrickBlock,BrickBlock</obj>
      <obj>91,5,3,0,Sprint0.Blocks.BrickBlock,BrickBlock</obj>
      <obj>94,5,1,0,Sprint0.Blocks.OneCoinBlock,ItemBlock</obj><!--Should be coin-->
      <obj>94,9,1,0,Sprint0.Blocks.OneCoinBlock,BrickBlock</obj><!--Should be coin-->
	      
      <obj>100,9,1,0,Sprint0.Blocks.BrickBlock,BrickBlock</obj>
      <obj>101,9,1,0,Sprint0.Blocks.StarBlock,BrickBlock</obj><!--Should be star-->
      <obj>106,9,1,0,Sprint0.Blocks.OneCoinBlock,ItemBlock</obj><!--Should be coin-->
      <obj>109,9,1,0,Sprint0.Blocks.OneCoinBlock,ItemBlock</obj><!--Should be coin-->
      <obj>109,5,1,0,Sprint0.Blocks.MushroomBlock,ItemBlock</obj>
      <obj>112,9,1,0,Sprint0.Blocks.OneCoinBlock,ItemBlock</obj><!--Should be coin-->
      <obj>118,9,1,0,Sprint0.Blocks.BrickBlock,BrickBlock</obj>
      <obj>121,5,3,0,Sprint0.Blocks.BrickBlock,BrickBlock</obj>
      <obj>128,5,1,0,Sprint0.Blocks.BrickBlock,BrickBlock</obj>
      <obj>129,5,2,0,Sprint0.Blocks.OneCoinBlock,ItemBlock</obj><!--Should be coin-->
      <obj>131,5,1,0,Sprint0.Blocks.BrickBlock,BrickBlock</obj>
      <obj>129,9,2,0,Sprint0.Blocks.BrickBlock,BrickBlock</obj>
      
      <obj>134,12,4,0,Sprint0.Blocks.Block,Block</obj>
		  <obj>135,11,3,0,Sprint0.Blocks.Block,Block</obj>
		  <obj>136,10,2,0,Sprint0.Blocks.Block,Block</obj>
		  <obj>137,9,1,0,Sprint0.Blocks.Block,Block</obj>
		  <obj>140,12,4,0,Sprint0.Blocks.Block,Block</obj>
		  <obj>140,11,3,0,Sprint0.Blocks.Block,Block</obj>
		  <obj>140,10,2,0,Sprint0.Blocks.Block,Block</obj>
		  <obj>140,9,1,0,Sprint0.Blocks.Block,Block</obj>
		  <obj>148,12,5,0,Sprint0.Blocks.Block,Block</obj>
		  <obj>149,11,4,0,Sprint0.Blocks.Block,Block</obj>
		  <obj>150,10,3,0,Sprint0.Blocks.Block,Block</obj>
		  <obj>151,9,2,0,Sprint0.Blocks.Block,Block</obj>
		  <obj>155,12,4,0,Sprint0.Blocks.Block,Block</obj>
		  <obj>155,11,3,0,Sprint0.Blocks.Block,Block</obj>
		  <obj>155,10,2,0,Sprint0.Blocks.Block,Block</obj>
		  <obj>155,9,1,0,Sprint0.Blocks.Block,Block</obj>
		  
		  <obj>168,9,2,0,Sprint0.Blocks.BrickBlock,BrickBlock</obj>
		  <obj>170,9,1,0,Sprint0.Blocks.OneCoinBlock,ItemBlock</obj><!--Should be coin-->
		  <obj>171,9,1,0,Sprint0.Blocks.BrickBlock,BrickBlock</obj>
		  
		  <obj>181,12,9,0,Sprint0.Blocks.Block,Block</obj>
		  <obj>182,11,8,0,Sprint0.Blocks.Block,Block</obj>
		  <obj>183,10,7,0,Sprint0.Blocks.Block,Block</obj>
		  <obj>184,9,6,0,Sprint0.Blocks.Block,Block</obj>
		  <obj>185,8,5,0,Sprint0.Blocks.Block,Block</obj>
		  <obj>186,7,4,0,Sprint0.Blocks.Block,Block</obj>
		  <obj>187,6,3,0,Sprint0.Blocks.Block,Block</obj>
		  <obj>188,5,2,0,Sprint0.Blocks.Block,Block</obj>
	  
		  <obj>198,12,1,0,Sprint0.Blocks.CaveInBlock,Block</obj>
	  </row>
  
 	  		  <!--Pipes and Flag-->  
	  <row>
		  <obj>28,12,1,0,Sprint0.Blocks.Pipe,BottomPipe</obj>
	    <obj>28,11,1,0,Sprint0.Blocks.Pipe,TopPipe</obj>
		  
	    <obj>38,12,1,0,Sprint0.Blocks.Pipe,BottomPipe</obj>
		  <obj>38,11,1,0,Sprint0.Blocks.Pipe,BottomPipe</obj>
	    <obj>38,10,1,0,Sprint0.Blocks.Pipe,TopPipe</obj>
	  
	  	<obj>46,12,1,0,Sprint0.Blocks.Pipe,BottomPipe</obj>
	  	<obj>46,11,1,0,Sprint0.Blocks.Pipe,BottomPipe</obj>
		  <obj>46,10,1,0,Sprint0.Blocks.Pipe,BottomPipe</obj>
	    <obj>46,9,1,0,Sprint0.Blocks.Pipe,TopPipe</obj>
	  
	  	<obj>57,12,1,0,Sprint0.Blocks.Pipe,BottomPipe</obj>
	  	<obj>57,11,1,0,Sprint0.Blocks.Pipe,BottomPipe</obj>
		  <obj>57,10,1,0,Sprint0.Blocks.Pipe,BottomPipe</obj>
	    <obj>57,9,1,0,Sprint0.Blocks.Pipe,TopPipe</obj>
	  
		  <obj>163,12,1,0,Sprint0.Blocks.Pipe,BottomPipe</obj>
	    <obj>163,11,1,0,Sprint0.Blocks.Pipe,TopPipe</obj>
	  
		  <obj>179,12,1,0,Sprint0.Blocks.Pipe,BottomPipe</obj>
	    <obj>179,11,1,0,Sprint0.Blocks.Pipe,TopPipe</obj>
		  <obj>198,2,1,0,Sprint0.Blocks.Flag,FlagTop</obj>
	  </row>

  </Level1>
	
	
	
	
	
	
	
  <Level2>
    <!--Ground-->
    <row>
      <obj>1,80,26,0,Sprint0.Blocks.Block,UndergroundGround</obj>
	</row>
	  
	  <!--Walls-->
	  <row>
		  <obj>1,1,0,21,Sprint0.Blocks.Block,CastleGround</obj>
		  <obj>1,21,0,38,Sprint0.Blocks.Block,GreenGround</obj>
		  <obj>1,59,0,21,Sprint0.Blocks.Block,UndergroundGround</obj>
		  <obj>2,1,0,1,Sprint0.Blocks.Block,CastleGround</obj>
		  <obj>4,1,0,1,Sprint0.Blocks.Block,CastleGround</obj>
		  <obj>3,1,0,1,Sprint0.Blocks.Block,CastleGround</obj>
		  <obj>5,1,0,21,Sprint0.Blocks.Block,CastleGround</obj>
		  <obj>5,21,0,38,Sprint0.Blocks.Block,GreenGround</obj>
		  <obj>5,59,0,19,Sprint0.Blocks.Block,UndergroundGround</obj>
		  <obj>27,1,0,21,Sprint0.Blocks.Block,CastleGround</obj>
		  <obj>27,21,0,38,Sprint0.Blocks.Block,GreenGround</obj>
		  <obj>27,59,0,22,Sprint0.Blocks.Block,UndergroundGround</obj>
	  </row>

	  <!--Platforms-->
	  <row>
		  
		  <!--First Area-->
		  <obj>14,79,7,0,Sprint0.Blocks.Block,UndergroundBlock</obj>
      
		  <obj>15,78,5,0,Sprint0.Blocks.Block,UndergroundBlock</obj>
		  <obj>26,75,1,0,Sprint0.Blocks.MushroomBlock,UndergroundBrickBlock</obj>
		  <obj>6,74,6,0,Sprint0.Blocks.Block,UndergroundBlock</obj>
		  <obj>16,72,6,0,Sprint0.Blocks.Block,UndergroundBlock</obj>
		  <obj>6,68,7,0,Sprint0.Blocks.Block,UndergroundBlock</obj>
		  <obj>15,63,4,0,Sprint0.Blocks.Block,UndergroundBlock</obj>
		  <obj>24,68,3,0,Sprint0.Blocks.Block,UndergroundBlock</obj>
		  <obj>25,64,2,0,Sprint0.Blocks.Block,UndergroundBlock</obj>
		  <obj>6,59,19,0,Sprint0.Blocks.BrickBlock,UndergroundBrickBlock</obj>
		  <obj>25,59,1,0,Sprint0.Blocks.MushroomBlock,UndergroundBrickBlock</obj>
		  <obj>26,59,1,0,Sprint0.Blocks.BrickBlock,UndergroundBrickBlock</obj>
      <obj>14,62,1,0,Sprint0.Enemies.Enemy,Bomber</obj>
      <obj>25,62,1,0,Sprint0.Enemies.Enemy,Bomber</obj>

      <obj>6,58,22,0,Sprint0.Blocks.ThemeBox,Theme_2</obj>
		  
		  <!--Second Area-->
		  <obj>9,55,3,0, Sprint0.Blocks.Block,GreenBlock</obj>
		  <obj>15,55,3,0, Sprint0.Blocks.Block,GreenBlock</obj>
		  <obj>21,55,3,0, Sprint0.Blocks.Block,GreenBlock</obj>

		  <obj>10,51,5,0, Sprint0.Blocks.Block,GreenBlock</obj>
		  <obj>18,51,5,0, Sprint0.Blocks.Block,GreenBlock</obj>


      <obj>23,47,4,0, Sprint0.Blocks.Block,GreenBlock</obj>
		  <obj>23,44,4,0, Sprint0.Blocks.Block,GreenBlock</obj>
		  <obj>6,43,10,0, Sprint0.Blocks.Block,GreenBlock</obj>
      <obj>10,42,1,0,Sprint0.Enemies.Enemy,ChargeEnemy</obj>


      <obj>8,38,19,0, Sprint0.Blocks.Block,GreenBlock</obj>
      <obj>16,37,1,0,Sprint0.Enemies.Enemy,ChargeEnemy</obj>

      <obj>12,32,1,0,Sprint0.Enemies.Enemy,ChargeEnemy</obj>
      <obj>6,33,18,0, Sprint0.Blocks.Block,GreenBlock</obj>
      
		  <obj>6,31,1,0, Sprint0.Blocks.Block,GreenBlock</obj>

      <obj>10,28,10,0, Sprint0.Blocks.Block,GreenBlock</obj>
		  <obj>21,25,6,0, Sprint0.Blocks.Block,GreenBlock</obj>

		  <obj>6,21,1,0,Sprint0.Blocks.BrickBlock,GreenBrickBlock</obj>
		  <obj>8,21,1,0,Sprint0.Blocks.BrickBlock,GreenBrickBlock</obj>
		  <obj>10,21,1,0,Sprint0.Blocks.BrickBlock,GreenBrickBlock</obj>
		  <obj>12,21,1,0,Sprint0.Blocks.MushroomBlock,GreenBrickBlock</obj>
		  <obj>14,21,1,0,Sprint0.Blocks.BrickBlock,GreenBrickBlock</obj>
		  <obj>16,21,1,0,Sprint0.Blocks.BrickBlock,GreenBrickBlock</obj>
		  <obj>18,21,1,0,Sprint0.Blocks.BrickBlock,GreenBrickBlock</obj>
		  <obj>20,21,1,0,Sprint0.Blocks.BrickBlock,GreenBrickBlock</obj>
		  <obj>22,21,1,0,Sprint0.Blocks.MushroomBlock,GreenBrickBlock</obj>
		  <obj>24,21,1,0,Sprint0.Blocks.BrickBlock,GreenBrickBlock</obj>

		  <obj>6,20,22,0,Sprint0.Blocks.ThemeBox,Theme_3</obj>
		  
		  <!--Third Area-->
		  <obj>26,16,1,0, Sprint0.Blocks.Block,CastleBlock</obj>
		  <obj>26,21,1,0, Sprint0.Blocks.Block,CastleBlock</obj>
		  <obj>6,17,2,0, Sprint0.Blocks.Block,CastleBlock</obj>
		  <obj>10,13,1,0, Sprint0.Blocks.Block,CastleBlock</obj>
		  <obj>20,11,1,0, Sprint0.Blocks.Block,CastleBlock</obj>
		  <obj>15,12,1,0, Sprint0.Blocks.Block,CastleBlock</obj>
		  <obj>10,7,1,0, Sprint0.Blocks.Block,CastleBlock</obj>
		  <obj>26,9,1,0, Sprint0.Blocks.Block,CastleBlock</obj>
		  
		  
		  <obj>6,4,21,1,Sprint0.Blocks.BrickBlock,CastleBrickBlock</obj>
		  <obj>6,0,22,0,Sprint0.Blocks.ThemeBox,Theme_4</obj>
	  </row>

      <!--Player/Enemies-->
	<row>
		<!--<obj>3,78,1,0,Sprint0.Mario,Sprint0.Mario,Sprint0.Mario</obj>-->
		<!-->For mario falling<-->
		<obj>3,3,1,0,Sprint0.Mario,Sprint0.Mario,Sprint0.Mario</obj>
    
    <obj>12,2,1,0,Sprint0.Enemies.Enemy,Bowser</obj>
		
	  <obj>35,50,1,0,Sprint0.Enemies.Enemy,BulletBill</obj>  
      <obj>40,40,1,0,Sprint0.Enemies.Enemy,BulletBill</obj> 
      <obj>55,30,1,0,Sprint0.Enemies.Enemy,BulletBill</obj>  
      <obj>60,20,1,0,Sprint0.Enemies.Enemy,BulletBill</obj> 
      <obj>35,10,1,0,Sprint0.Enemies.Enemy,BulletBill</obj>  
  
	  <obj>16,26,1,0,Sprint0.Enemies.Enemy,HammerBro</obj>
  
    </row>


    </Level2>
</Levels>