﻿<Mapping>
  <MapInstance>
    <SpriteName>Goomba</SpriteName>
    <StateName>Sprint0.Enemies.GoombaNormalState</StateName>
    <Health>1</Health>
    <Sound>goombadeath</Sound>
  </MapInstance>
  <MapInstance>
    <SpriteName>Bomber</SpriteName>
    <StateName>Sprint0.Enemies.BomberNormalState</StateName>
    <Health>1</Health>
    <Sound>goombadeath</Sound>
  </MapInstance>
  <MapInstance>
    <SpriteName>ChargeEnemy</SpriteName>
    <StateName>Sprint0.Enemies.ChargeEnemyWanderState</StateName>
    <Health>1</Health>
    <Sound>goombadeath</Sound>
  </MapInstance>
  <MapInstance>
    <SpriteName>Koopa</SpriteName>
    <StateName>Sprint0.Enemies.KoopaNormalState</StateName>
    <Health>1</Health>
    <Sound>koopadeath</Sound>
  </MapInstance>
  <MapInstance>
    <SpriteName>HammerBro</SpriteName>
    <StateName>Sprint0.Enemies.HammerBroNormalState</StateName>
    <Health>1</Health>
    <Sound>koopadeath</Sound>
  </MapInstance>
  <MapInstance>
    <SpriteName>BulletBill</SpriteName>
    <StateName>Sprint0.Enemies.BulletBillNormalState</StateName>
    <Health>1</Health>
    <Sound>koopadeath</Sound>
  </MapInstance>
	<MapInstance>
		<SpriteName>Bowser</SpriteName>
		<StateName>Sprint0.Enemies.BowserNormalState</StateName>
		<Health>3</Health>
		<Sound>goombadeath</Sound>
	</MapInstance>
</Mapping>